
CREATE TABLE `cafe_menu_addon` (
  `id` int(10) unsigned NOT NULL AUTO_INCREMENT,
  `cafe_menu_item_id` int(10) unsigned DEFAULT NULL,
  `universal_menu_addon_id` int(10) unsigned DEFAULT NULL,
  `addon_price` int(11) NOT NULL,
  `status` tinyint(1) DEFAULT 1,
  `created_at` timestamp NOT NULL DEFAULT current_timestamp(),
  `updated_at` timestamp NOT NULL DEFAULT current_timestamp(),
  PRIMARY KEY (`id`),
  KEY `fk_cafe_menu_addonfk_menu_item_id` (`cafe_menu_item_id`),
  KEY `fk_cafe_menu_addonfk_universal_menu_addon_id` (`universal_menu_addon_id`),
  CONSTRAINT `fk_cafe_menu_addonfk_menu_item_id` FOREIGN KEY (`cafe_menu_item_id`) REFERENCES `cafe_menu_item` (`id`) ON DELETE NO ACTION ON UPDATE NO ACTION,
  CONSTRAINT `fk_cafe_menu_addonfk_universal_menu_addon_id` FOREIGN KEY (`universal_menu_addon_id`) REFERENCES `universal_menu_addon` (`id`) ON DELETE NO ACTION ON UPDATE NO ACTION
) ENGINE=InnoDB AUTO_INCREMENT=73 DEFAULT CHARSET=utf8mb3;



INSERT INTO `cafe_menu_addon` VALUES
(2,3,4,15,1,'2023-05-26 13:19:32','2023-05-26 13:19:32'),
(3,4,5,10,1,'2023-05-27 13:25:57','2023-05-27 13:25:57'),
(4,5,5,10,1,'2023-05-27 13:35:44','2023-05-27 13:35:44'),
(7,8,4,40,1,'2023-05-29 14:20:01','2023-05-29 14:20:01'),
(8,8,5,50,1,'2023-05-29 14:20:01','2023-05-29 14:20:01'),
(9,9,4,10,1,'2023-05-30 08:11:15','2023-05-30 08:11:15'),
(10,9,5,12,1,'2023-05-30 08:11:15','2023-05-30 08:11:15'),
(11,10,5,5,1,'2023-06-03 09:40:52','2023-06-03 09:40:52'),
(13,23,5,15,1,'2023-06-05 05:57:57','2023-06-05 05:57:57'),
(15,37,4,12,1,'2023-06-14 09:22:48','2023-06-14 09:22:48'),
(16,38,5,12,1,'2023-06-14 09:33:58','2023-06-14 09:33:58'),
(28,2,4,10,1,'2023-06-14 12:58:02','2023-06-14 12:58:02'),
(29,2,5,20,0,'2023-06-14 12:58:02','2023-06-14 12:58:02'),
(30,39,4,34,1,'2023-06-14 14:55:00','2023-06-14 14:55:00'),
(34,41,5,25,1,'2023-06-23 08:56:31','2023-06-23 08:56:31'),
(35,41,5,20,1,'2023-06-23 08:56:31','2023-06-23 08:56:31'),
(36,42,4,25,1,'2023-06-23 11:28:02','2023-06-23 11:28:02'),
(37,43,4,35,1,'2023-06-24 06:21:34','2023-06-24 06:21:34'),
(38,43,5,25,1,'2023-06-24 06:21:34','2023-06-24 06:21:34'),
(41,67,4,10,1,'2023-07-12 20:33:39','2023-07-12 20:33:39'),
(42,67,5,12,1,'2023-07-12 20:33:39','2023-07-12 20:33:39'),
(43,7,4,49,1,'2023-07-13 05:34:30','2023-07-13 05:34:30'),
(44,36,4,10,1,'2023-07-13 05:34:59','2023-07-13 05:34:59'),
(52,40,5,20,1,'2023-08-11 07:18:17','2023-08-11 07:18:17'),
(64,71,4,10,1,'2023-08-11 08:24:49','2023-08-11 08:24:49'),
(65,71,5,20,1,'2023-08-11 08:24:49','2023-08-11 08:24:49'),
(66,74,4,12,1,'2023-09-29 13:03:05','2023-09-29 13:03:05'),
(67,13,5,10,1,'2023-10-06 19:48:26','2023-10-06 19:48:26'),
(70,20,4,15,1,'2023-10-20 07:39:55','2023-10-20 07:39:55'),
(71,28,4,10,1,'2023-10-30 12:34:09','2023-10-30 12:34:09'),
(72,28,5,5,1,'2023-10-30 12:34:09','2023-10-30 12:34:09');

CREATE TABLE `cafe_menu_combo` (
  `id` int(10) unsigned NOT NULL AUTO_INCREMENT,
  `cafe_list_id` int(10) unsigned NOT NULL,
  `name` varchar(32) DEFAULT NULL,
  `price` int(11) NOT NULL,
  `status` tinyint(1) DEFAULT 1,
  `created_at` timestamp NOT NULL DEFAULT current_timestamp() ON UPDATE current_timestamp(),
  `updated_at` timestamp NOT NULL DEFAULT current_timestamp(),
  `image_id` varchar(100) DEFAULT NULL,
  `gst_rate` int(11) DEFAULT NULL,
  PRIMARY KEY (`id`),
  KEY `fk_cafe_menu_combo_cafe_list` (`cafe_list_id`)
) ENGINE=InnoDB AUTO_INCREMENT=32 DEFAULT CHARSET=utf8mb3;


INSERT INTO `cafe_menu_combo` VALUES
(2,6,'suman\'s special',19,1,'2023-09-30 07:39:55','2023-05-27 12:10:41','63aaebe1-7c7d-4ec0-448d-5a47769f5e00',NULL),
(3,6,'34',50,1,'2023-07-13 08:08:43','2023-05-30 07:06:19','4eed28ee-c32a-44f0-78fd-fd28f7500600',NULL),
(4,6,'newcafecombos',400,1,'2023-06-07 07:39:44','2023-06-07 07:18:18','lklklklk',NULL),
(5,14,'sp paner',250,1,'2023-06-14 08:58:16','2023-06-13 13:04:11','nowkrnbvkownrfgko',NULL),
(7,6,'RRR',120,0,'2023-08-10 12:46:44','2023-06-14 14:43:53','',10),
(8,72,'Fafda',20,1,'2023-06-23 08:57:27','2023-06-23 08:57:27','',NULL),
(9,73,'Hara bhara kebab',100,1,'2023-06-23 11:28:55','2023-06-23 11:28:55','',NULL),
(10,73,'chicken pakode',25,1,'2023-06-24 06:22:23','2023-06-24 06:22:23','',NULL),
(19,6,'best combo',50,1,'2023-07-05 14:47:20','2023-07-05 14:47:20','hkhkgyvkjg',NULL),
(22,6,'test',12,1,'2023-07-06 09:25:02','2023-07-06 09:25:02','',NULL),
(23,27,'test ak',190,1,'2023-07-13 06:33:50','2023-07-13 06:33:16','ed4fe657-55bf-49f8-e347-2c7358922600',NULL),
(24,6,'MiMi',10,1,'2023-07-19 07:26:53','2023-07-19 07:26:53','',NULL),
(25,6,'yy',17,1,'2023-07-19 07:27:13','2023-07-19 07:27:13',NULL,NULL),
(26,6,'uu',60,1,'2023-07-19 07:27:39','2023-07-19 07:27:39',NULL,NULL),
(27,6,'qqq',23,1,'2023-07-19 07:27:58','2023-07-19 07:27:58',NULL,NULL),
(28,6,'oooo',34,1,'2023-07-19 07:28:16','2023-07-19 07:28:16',NULL,NULL),
(29,6,'testing combo',22,1,'2023-09-30 05:51:16','2023-08-10 11:06:47','vgbdihufviuwevfijowebfv',NULL),
(30,6,'testing combo11',22,1,'2023-09-30 05:51:28','2023-08-10 11:08:29','sd',NULL),
(31,3,'sunday mutton combo',500,1,'2023-10-30 12:43:04','2023-10-30 12:37:58','dsf',5);



CREATE TABLE `cafe_menu_combo_item` (
  `id` int(10) unsigned NOT NULL AUTO_INCREMENT,
  `cafe_menu_item_id` int(10) unsigned DEFAULT NULL,
  `cafe_menu_combo_id` int(10) unsigned DEFAULT NULL,
  `created_at` timestamp NOT NULL DEFAULT current_timestamp() ON UPDATE current_timestamp(),
  `updated_at` timestamp NOT NULL DEFAULT current_timestamp(),
  PRIMARY KEY (`id`),
  KEY `fk_cafe_menu_combo_item_menu_combo_id` (`cafe_menu_combo_id`),
  KEY `fk_cafe_menu_combo_item_cafe_menu_item_id` (`cafe_menu_item_id`),
  CONSTRAINT `fk_cafe_menu_combo_item_cafe_menu_item_id` FOREIGN KEY (`cafe_menu_item_id`) REFERENCES `cafe_menu_item` (`id`) ON DELETE NO ACTION ON UPDATE NO ACTION,
  CONSTRAINT `fk_cafe_menu_combo_item_menu_combo_id` FOREIGN KEY (`cafe_menu_combo_id`) REFERENCES `cafe_menu_combo` (`id`) ON DELETE NO ACTION ON UPDATE NO ACTION
) ENGINE=InnoDB AUTO_INCREMENT=97 DEFAULT CHARSET=utf8mb3;


INSERT INTO `cafe_menu_combo_item` VALUES
(3,9,4,'2023-06-07 07:18:19','2023-06-07 07:18:19'),
(4,10,4,'2023-06-07 07:39:55','2023-06-07 07:18:19'),
(5,11,4,'2023-06-07 08:19:57','2023-06-07 07:57:34'),
(6,23,4,'2023-06-07 08:10:56','2023-06-07 08:10:56'),
(7,23,4,'2023-06-07 08:13:24','2023-06-07 08:13:24'),
(8,24,4,'2023-06-07 08:20:11','2023-06-07 08:20:11'),
(20,8,5,'2023-06-14 09:01:36','2023-06-14 09:01:36'),
(21,35,5,'2023-06-14 09:01:36','2023-06-14 09:01:36'),
(22,7,5,'2023-06-14 09:01:37','2023-06-14 09:01:37'),
(54,41,8,'2023-06-23 08:57:27','2023-06-23 08:57:27'),
(56,42,9,'2023-06-24 06:21:53','2023-06-24 06:21:53'),
(57,43,10,'2023-06-24 06:22:23','2023-06-24 06:22:23'),
(58,37,19,'2023-07-05 14:47:21','2023-07-05 14:47:21'),
(59,2,19,'2023-07-05 14:47:21','2023-07-05 14:47:21'),
(61,37,22,'2023-07-06 09:25:02','2023-07-06 09:25:02'),
(62,40,22,'2023-07-06 09:25:02','2023-07-06 09:25:02'),
(70,36,23,'2023-07-13 06:33:50','2023-07-13 06:33:50'),
(75,4,3,'2023-07-13 08:08:43','2023-07-13 08:08:43'),
(76,2,3,'2023-07-13 08:08:43','2023-07-13 08:08:43'),
(77,46,24,'2023-07-19 07:26:53','2023-07-19 07:26:53'),
(78,64,24,'2023-07-19 07:26:53','2023-07-19 07:26:53'),
(79,46,25,'2023-07-19 07:27:13','2023-07-19 07:27:13'),
(80,61,26,'2023-07-19 07:27:39','2023-07-19 07:27:39'),
(81,11,26,'2023-07-19 07:27:39','2023-07-19 07:27:39'),
(82,53,27,'2023-07-19 07:27:58','2023-07-19 07:27:58'),
(83,62,27,'2023-07-19 07:27:58','2023-07-19 07:27:58'),
(84,66,28,'2023-07-19 07:28:16','2023-07-19 07:28:16'),
(85,9,28,'2023-07-19 07:28:16','2023-07-19 07:28:16'),
(86,46,29,'2023-08-10 11:06:48','2023-08-10 11:06:48'),
(87,46,30,'2023-08-10 11:08:30','2023-08-10 11:08:30'),
(88,11,7,'2023-08-10 12:46:44','2023-08-10 12:46:44'),
(89,9,7,'2023-08-10 12:46:44','2023-08-10 12:46:44'),
(90,4,7,'2023-08-10 12:46:44','2023-08-10 12:46:44'),
(91,9,2,'2023-09-29 12:26:55','2023-09-29 12:26:55'),
(92,37,2,'2023-09-29 12:26:55','2023-09-29 12:26:55'),
(93,38,2,'2023-09-29 12:26:55','2023-09-29 12:26:55'),
(94,5,2,'2023-09-29 12:26:55','2023-09-29 12:26:55'),
(95,27,31,'2023-10-30 12:37:58','2023-10-30 12:37:58'),
(96,28,31,'2023-10-30 12:37:58','2023-10-30 12:37:58');

CREATE TABLE `cafe_menu_item` (
  `id` int(10) unsigned NOT NULL AUTO_INCREMENT,
  `created_at` timestamp NOT NULL DEFAULT current_timestamp(),
  `updated_at` timestamp NOT NULL DEFAULT current_timestamp(),
  `universal_menu_category_id` int(10) unsigned DEFAULT NULL,
  `food_type` int(11) DEFAULT NULL,
  `base_price` int(11) DEFAULT NULL,
  `image_id` varchar(64) DEFAULT NULL,
  `is_takeaway` tinyint(1) DEFAULT NULL,
  `gst_rate` int(11) DEFAULT 5,
  `measuring_unit` varchar(16) DEFAULT NULL COMMENT 'litre, cms, pieces grams kg(s) ounces Serves Slice(s) Scoop(s) inches ml',
  `spice_level` int(11) DEFAULT 0,
  `is_exclusive_offer` tinyint(1) DEFAULT 0,
  `is_recommended` tinyint(1) DEFAULT 0,
  `is_chef_special` tinyint(1) DEFAULT 0,
  `is_new` tinyint(1) DEFAULT 0,
  `is_seasonal` tinyint(1) DEFAULT 0,
  `is_signature` tinyint(1) DEFAULT 0,
  `status` tinyint(1) NOT NULL,
  `is_addon_compulsory` tinyint(1) DEFAULT 0,
  `is_variation_compulsory` tinyint(1) DEFAULT 0,
  `description` varchar(128) DEFAULT NULL,
  `cafe_list_id` int(10) unsigned NOT NULL,
  `universal_menu_item_id` int(10) unsigned DEFAULT NULL,
  PRIMARY KEY (`id`),
  KEY `id_0` (`id`),
  KEY `fk_cafe_menu_item_cafe_list` (`cafe_list_id`),
  KEY `fk_cafe_menu_item_universal_menu_item_id` (`universal_menu_item_id`),
  KEY `fk_cafe_menu_item_universal_category_id` (`universal_menu_category_id`),
  CONSTRAINT `fk_cafe_menu_item_cafe_list` FOREIGN KEY (`cafe_list_id`) REFERENCES `cafe_list` (`id`) ON DELETE NO ACTION ON UPDATE NO ACTION,
  CONSTRAINT `fk_cafe_menu_item_universal_category_id` FOREIGN KEY (`universal_menu_category_id`) REFERENCES `universal_menu_category` (`id`) ON DELETE NO ACTION ON UPDATE NO ACTION,
  CONSTRAINT `fk_cafe_menu_item_universal_menu_item_id` FOREIGN KEY (`universal_menu_item_id`) REFERENCES `universal_menu_item` (`id`) ON DELETE NO ACTION ON UPDATE NO ACTION
) ENGINE=InnoDB AUTO_INCREMENT=166 DEFAULT CHARSET=utf8mb3;

INSERT INTO `cafe_menu_item` VALUES
(2,'2023-05-26 13:16:38','2023-05-26 13:16:38',6,1,20,'gygygygyg',1,10,'gm',2,0,0,1,1,1,1,1,1,1,'kya bole',6,6),
(3,'2023-05-26 13:19:32','2023-05-26 13:19:32',7,1,150,'gygygygyg',1,15,'gm',2,0,1,1,1,1,1,1,1,1,'kya bole',6,7),
(4,'2023-05-27 13:25:57','2023-05-27 13:25:57',11,1,120,'jkjkjkj',1,10,'gm',2,0,1,1,1,1,1,1,1,1,'kuch nehi',6,9),
(5,'2023-05-27 13:35:44','2023-05-27 13:35:44',11,1,120,'jkjkjkj',1,10,'gm',2,0,1,1,1,1,1,1,1,1,'kuch nehi',6,9),
(7,'2023-05-28 16:18:03','2023-05-28 16:18:03',11,1,67,NULL,1,5,'cms',0,0,0,0,0,0,0,1,1,0,'okok',14,17),
(8,'2023-05-29 14:20:01','2023-05-29 14:20:01',11,1,50,NULL,0,5,'cms',0,0,1,0,0,0,0,1,1,1,NULL,14,9),
(9,'2023-05-30 08:11:15','2023-05-30 08:11:15',14,2,50,NULL,0,5,'litre',1,0,1,0,1,1,1,1,1,1,'des',6,9),
(10,'2023-06-03 09:40:52','2023-06-03 09:40:52',11,2,50,NULL,1,5,'grams',1,0,1,0,0,0,1,1,1,1,'testing',6,9),
(11,'2023-06-05 05:14:14','2023-06-05 05:14:14',1,1,2,'84b5caf2-826b-4b09-1b3e-a6cfe70f8c00',1,5,'gm',1,0,1,1,0,0,0,1,0,0,'nothing',6,15),
(12,'2023-06-05 05:16:44','2023-06-05 05:16:44',1,1,200,'helloworld',1,5,'gm',0,0,1,1,0,0,0,0,0,0,'nothing',6,6),
(13,'2023-06-05 05:18:26','2023-06-05 05:18:26',1,1,2600,'helloworld',1,5,'gm',1,0,1,1,0,0,0,1,0,0,'nothingff',6,6),
(20,'2023-06-05 05:49:17','2023-06-05 05:49:17',1,1,35,'helloworld11454',1,5,'gm',1,0,1,1,0,0,0,1,1,0,'nothing',6,6),
(21,'2023-06-05 05:53:15','2023-06-05 05:53:15',1,1,340,'hihelloworld11454',1,5,'gm',1,0,1,1,0,0,0,1,0,0,'nothing',6,6),
(22,'2023-06-05 05:55:45','2023-06-05 05:55:45',1,1,260,'hihihelloworld',1,5,'gm',1,0,1,1,0,0,0,1,0,0,'nothing',6,6),
(23,'2023-06-05 05:57:56','2023-06-05 05:57:56',1,1,260,'hihihelloworld',1,5,'gm',1,0,1,1,0,0,0,1,0,0,'nothing',6,6),
(24,'2023-06-05 05:59:26','2023-06-05 05:59:26',1,1,260,'sumanhihihihelloworld',1,5,'gm',1,0,1,1,0,0,0,1,0,0,'nothing',6,6),
(25,'2023-06-08 10:34:21','2023-06-08 10:34:21',15,1,350,'klklklklk',0,5,'gm',1,0,1,0,0,0,0,1,0,0,'nothing',3,11),
(26,'2023-06-08 10:39:57','2023-06-08 10:39:57',15,1,350,'klklklklk',0,5,'gm',1,0,1,0,0,0,0,1,0,0,'nothing',3,11),
(27,'2023-06-08 10:39:59','2023-06-08 10:39:59',15,1,500,'hellow',0,5,'gm',1,0,1,1,1,0,0,1,0,0,'mutton non veg',3,12),
(28,'2023-06-08 11:56:12','2023-06-08 11:56:12',16,1,20,'hihihihi',0,5,'ps',1,0,1,0,0,0,0,1,1,1,'paneer ki puri',3,13),
(35,'2023-06-13 09:34:25','2023-06-13 09:34:25',18,1,50,NULL,1,5,'pieces',0,0,1,0,0,0,0,1,0,0,'testrrrrrr',14,14),
(36,'2023-06-14 07:56:51','2023-06-14 07:56:51',15,0,999,NULL,1,12,'kg(s)',0,0,0,0,0,0,1,1,0,0,'11111111111111111111111111111111111111111111111111',27,18),
(37,'2023-06-14 09:22:48','2023-06-14 09:22:48',15,0,19,NULL,1,5,'cms',2,0,0,0,0,0,1,1,0,0,'111qqqqqqqqqqqqq',6,11),
(38,'2023-06-14 09:33:58','2023-06-14 09:33:58',15,0,18,NULL,1,18,'cms',2,0,1,0,0,0,0,1,0,0,'qqqqqqqqqq',6,11),
(39,'2023-06-14 14:55:00','2023-06-14 14:55:00',15,0,18,NULL,1,18,'cms',3,0,0,0,0,1,1,1,1,0,'ttttttttttttttttt',6,11),
(40,'2023-06-14 14:57:04','2023-06-14 14:57:04',1,0,12,NULL,0,12,'grams',0,0,0,0,0,0,1,1,1,0,'wwwwwwwwwwwwwww',6,1),
(41,'2023-06-23 08:56:31','2023-06-23 08:56:31',19,1,150,NULL,1,5,'kg(s)',1,0,0,0,0,0,0,1,1,0,'\"Amasdakpgkpkadhk\"',72,16),
(42,'2023-06-23 11:28:02','2023-06-23 11:28:02',17,0,205,NULL,1,5,'kg(s)',0,0,1,0,0,1,1,1,0,0,NULL,73,11),
(43,'2023-06-24 06:21:34','2023-06-24 06:21:34',21,0,250,NULL,NULL,5,'grams',2,0,0,1,0,1,1,1,1,0,'\"h,bdl\';b,bgdbtk[plhb[plhnt[prlhn[ptlhbe[ptrlhboBHERTP\"',73,11),
(44,'2023-07-05 10:21:10','2023-07-05 10:21:10',22,1,220,NULL,1,5,'pieces',1,0,1,0,0,0,0,1,0,0,'bolognese is an Italian word, while the French word, bolognaise',74,17),
(45,'2023-07-05 10:24:38','2023-07-05 10:24:38',23,1,340,NULL,NULL,5,'inches',1,0,0,0,0,0,0,1,0,1,'Cheesy Veg, Schezwan Veg Pizza, Plain Cheese Pizza, Butter Chicken Pizza, Mix Veg, Margherita',74,18),
(46,'2023-07-10 07:07:29','2023-07-10 07:07:29',24,1,300,'sumansuman',1,5,'plate',1,0,1,1,1,1,1,1,1,1,'kolkata sp chicken biriyani',6,19),
(47,'2023-07-10 07:07:31','2023-07-10 07:07:31',25,0,10,'malmal',1,5,'ps',0,0,0,0,0,0,1,1,0,1,'kolkata sp sweet ',6,20),
(48,'2023-07-10 07:08:33','2023-07-10 07:08:33',24,1,300,'sumansuman',1,5,'plate',1,0,1,1,1,1,1,1,1,1,'kolkata sp chicken biriyani',6,19),
(49,'2023-07-10 07:08:35','2023-07-10 07:08:35',25,0,10,'malmal',1,5,'ps',0,0,0,0,0,0,1,1,0,1,'kolkata sp sweet ',6,20),
(50,'2023-07-11 07:26:11','2023-07-11 07:26:11',19,1,45,NULL,NULL,5,'grams',0,0,0,0,0,0,0,1,0,0,NULL,3,11),
(51,'2023-07-11 07:49:30','2023-07-11 07:49:30',26,1,100,NULL,0,5,'plate',1,0,0,0,0,0,0,1,0,0,'ye bhi kuch bhi',6,21),
(52,'2023-07-11 08:58:09','2023-07-11 08:58:09',27,0,139,'aa',0,5,'pieces',0,0,0,0,0,0,0,1,0,0,NULL,6,22),
(53,'2023-07-11 08:58:09','2023-07-11 08:58:09',27,0,139,'aa',0,5,'pieces',0,0,0,0,0,0,0,1,0,0,NULL,6,23),
(54,'2023-07-11 08:58:09','2023-07-11 08:58:09',27,0,139,'aa',0,5,'pieces',0,0,0,0,0,0,0,1,0,0,NULL,6,24),
(55,'2023-07-11 08:58:09','2023-07-11 08:58:09',27,0,159,'aa',0,5,'pieces',0,0,0,0,0,0,0,1,0,0,NULL,6,25),
(56,'2023-07-11 08:58:09','2023-07-11 08:58:09',27,0,159,'aa',0,5,'pieces',0,0,0,0,0,0,0,1,0,0,NULL,6,26),
(57,'2023-07-11 08:58:09','2023-07-11 08:58:09',27,0,169,'aa',0,5,'pieces',0,0,0,0,0,0,0,1,0,0,NULL,6,27),
(58,'2023-07-11 08:58:09','2023-07-11 08:58:09',27,0,179,'aa',0,5,'pieces',0,0,0,0,0,0,0,1,0,0,NULL,6,28),
(59,'2023-07-11 08:58:09','2023-07-11 08:58:09',27,0,189,'aa',0,5,'pieces',0,0,0,0,0,0,0,1,0,0,NULL,6,29),
(60,'2023-07-11 08:58:09','2023-07-11 08:58:09',27,0,179,'aa',0,5,'pieces',0,0,0,0,0,0,0,1,0,0,NULL,6,30),
(61,'2023-07-11 08:58:09','2023-07-11 08:58:09',27,0,199,'aa',0,5,'pieces',0,0,0,0,0,0,0,1,0,0,NULL,6,31),
(62,'2023-07-11 08:58:09','2023-07-11 08:58:09',27,0,199,'aa',0,5,'pieces',0,0,0,0,0,0,0,1,0,0,'fusion of belgium dark chocolate, dark fantasy and choco pie',6,32),
(63,'2023-07-11 08:58:09','2023-07-11 08:58:09',27,0,110,'aa',0,5,'pieces',0,0,0,0,0,0,0,1,0,0,NULL,6,33),
(64,'2023-07-11 08:58:09','2023-07-11 08:58:09',27,0,110,'aa',0,5,'pieces',0,0,0,0,0,0,0,1,0,0,NULL,6,34),
(65,'2023-07-11 08:58:09','2023-07-11 08:58:09',27,0,110,'aa',0,5,'pieces',0,0,0,0,0,0,0,1,0,0,NULL,6,35),
(66,'2023-07-11 08:58:09','2023-07-11 08:58:09',27,0,129,'aa',0,5,'pieces',0,0,0,0,0,0,0,1,0,0,NULL,6,36),
(67,'2023-07-12 20:32:27','2023-07-12 20:32:27',27,1,190,'ffe268ff-6827-49d4-101f-b2b68fcc9f00',1,5,'litre',0,0,1,0,0,0,0,1,0,0,'Lorem Ipsum is simply dummy text of the printing and typesetting industry.',74,22),
(68,'2023-07-13 06:31:36','2023-07-13 06:31:36',27,1,50,'b10252dc-e614-4f99-c793-fd42bebbf200',NULL,5,'ml',0,0,0,0,0,0,0,1,0,0,'test by ak',27,31),
(69,'2023-07-15 11:39:46','2023-07-15 11:39:46',23,1,98,NULL,NULL,5,NULL,0,0,0,0,0,0,0,1,0,0,NULL,6,8),
(70,'2023-08-08 08:41:56','2023-08-08 08:41:56',19,1,15,NULL,NULL,5,NULL,1,0,0,0,0,0,0,1,0,0,NULL,6,31),
(71,'2023-08-11 07:35:56','2023-08-11 07:35:56',20,1,150,NULL,NULL,5,'pieces',0,0,0,0,0,0,0,1,0,0,NULL,6,23),
(72,'2023-09-29 12:20:59','2023-09-29 12:20:59',15,1,20,NULL,1,5,'pieces',0,0,1,0,0,0,0,1,0,0,NULL,76,19),
(73,'2023-09-29 12:24:54','2023-09-29 12:24:54',22,1,78,NULL,NULL,5,'cms',0,0,0,0,0,0,0,1,0,0,NULL,6,36),
(74,'2023-09-29 13:03:05','2023-09-29 13:03:05',23,2,34,NULL,1,12,'pieces',0,0,0,0,0,0,0,1,1,0,NULL,6,39),
(75,'2023-10-05 12:44:11','2023-10-05 12:44:11',29,1,49,'0063a946-6ccc-4553-1369-647667f4bc00',NULL,5,'pieces',0,0,0,0,0,0,0,1,0,0,NULL,6,40),
(76,'2023-10-05 16:19:30','2023-10-05 16:19:30',30,1,150,'0063a946-6ccc-4553-1369-647667f4bc00',NULL,5,'pieces',0,0,0,0,0,0,0,1,0,0,'(Served with three layer Bread & Veggie topping with souce and cheese)',9,41),
(77,'2023-10-05 16:19:30','2023-10-05 16:19:30',30,1,140,'0063a946-6ccc-4553-1369-647667f4bc00',NULL,5,'pieces',0,0,0,0,0,0,0,1,0,0,'(Prepared with bread, veggies, corn and chef secret souce & Cheese)',9,42),
(78,'2023-10-05 16:19:30','2023-10-05 16:19:30',30,1,150,'0063a946-6ccc-4553-1369-647667f4bc00',NULL,5,'pieces',0,0,0,0,0,0,0,1,0,0,'(Served with Bread, Veggie and Mozzrella cheese)',9,43),
(79,'2023-10-05 16:19:30','2023-10-05 16:19:30',30,1,120,'0063a946-6ccc-4553-1369-647667f4bc00',NULL,5,'pieces',0,0,0,0,0,0,0,1,0,0,'(Prepared with bread, veggies, Paneer, souce & Cheese)',9,44),
(80,'2023-10-05 16:19:30','2023-10-05 16:19:30',30,1,100,'0063a946-6ccc-4553-1369-647667f4bc00',NULL,5,'pieces',0,0,0,0,0,0,0,1,0,0,'(Prepared with bread, Chocolates and secrets)',9,45),
(81,'2023-10-05 16:19:30','2023-10-05 16:19:30',30,1,100,'0063a946-6ccc-4553-1369-647667f4bc00',NULL,5,'pieces',0,0,0,0,0,0,0,1,0,0,'(Prepared with bread, veggies, Cheese and Green Souce)',9,46),
(82,'2023-10-05 16:19:30','2023-10-05 16:19:30',30,1,150,'0063a946-6ccc-4553-1369-647667f4bc00',NULL,5,'pieces',0,0,0,0,0,0,0,1,0,0,'(Prepared with the taste and love of Bhilwara)',9,47),
(83,'2023-10-05 16:19:30','2023-10-05 16:19:30',30,1,100,'0063a946-6ccc-4553-1369-647667f4bc00',NULL,5,'pieces',0,0,0,0,0,0,0,1,0,0,'(Prepared with Non Grilled bread and veggies)',9,48),
(84,'2023-10-05 16:19:30','2023-10-05 16:19:30',31,1,120,'0063a946-6ccc-4553-1369-647667f4bc00',NULL,5,'pieces',0,0,0,0,0,0,0,1,0,0,NULL,9,49),
(85,'2023-10-05 16:19:30','2023-10-05 16:19:30',31,1,120,'0063a946-6ccc-4553-1369-647667f4bc00',NULL,5,'pieces',0,0,0,0,0,0,0,1,0,0,NULL,9,50),
(86,'2023-10-05 16:19:30','2023-10-05 16:19:30',31,1,110,'0063a946-6ccc-4553-1369-647667f4bc00',NULL,5,'pieces',0,0,0,0,0,0,0,1,0,0,NULL,9,51),
(87,'2023-10-05 16:19:30','2023-10-05 16:19:30',31,1,100,'0063a946-6ccc-4553-1369-647667f4bc00',NULL,5,'pieces',0,0,0,0,0,0,0,1,0,0,NULL,9,52),
(88,'2023-10-05 16:19:30','2023-10-05 16:19:30',32,1,100,'0063a946-6ccc-4553-1369-647667f4bc00',NULL,5,'pieces',0,0,0,0,0,0,0,1,0,0,NULL,9,53),
(89,'2023-10-05 16:19:30','2023-10-05 16:19:30',32,1,170,'0063a946-6ccc-4553-1369-647667f4bc00',NULL,5,'pieces',0,0,0,0,0,0,0,1,0,0,NULL,9,54),
(90,'2023-10-05 16:19:30','2023-10-05 16:19:30',32,1,150,'0063a946-6ccc-4553-1369-647667f4bc00',NULL,5,'pieces',0,0,0,0,0,0,0,1,0,0,NULL,9,55),
(91,'2023-10-05 16:19:30','2023-10-05 16:19:30',33,1,100,'0063a946-6ccc-4553-1369-647667f4bc00',NULL,5,'pieces',0,0,0,0,0,0,0,1,0,0,NULL,9,56),
(92,'2023-10-05 16:19:30','2023-10-05 16:19:30',33,1,100,'0063a946-6ccc-4553-1369-647667f4bc00',NULL,5,'pieces',0,0,0,0,0,0,0,1,0,0,NULL,9,57),
(93,'2023-10-05 16:19:30','2023-10-05 16:19:30',34,1,140,'0063a946-6ccc-4553-1369-647667f4bc00',NULL,5,'pieces',0,0,0,0,0,0,0,1,0,0,NULL,9,58),
(94,'2023-10-05 16:19:30','2023-10-05 16:19:30',34,1,130,'0063a946-6ccc-4553-1369-647667f4bc00',NULL,5,'pieces',0,0,0,0,0,0,0,1,0,0,NULL,9,59),
(95,'2023-10-05 16:19:30','2023-10-05 16:19:30',34,1,100,'0063a946-6ccc-4553-1369-647667f4bc00',NULL,5,'pieces',0,0,0,0,0,0,0,1,0,0,NULL,9,60),
(96,'2023-10-05 16:19:30','2023-10-05 16:19:30',34,1,70,'0063a946-6ccc-4553-1369-647667f4bc00',NULL,5,'pieces',0,0,0,0,0,0,0,1,0,0,NULL,9,61),
(97,'2023-10-05 16:19:30','2023-10-05 16:19:30',35,1,99,'0063a946-6ccc-4553-1369-647667f4bc00',NULL,5,'pieces',0,0,0,0,0,0,0,1,0,0,NULL,9,62),
(98,'2023-10-05 16:19:30','2023-10-05 16:19:30',35,1,130,'0063a946-6ccc-4553-1369-647667f4bc00',NULL,5,'pieces',0,0,0,0,0,0,0,1,0,0,NULL,9,63),
(99,'2023-10-05 16:19:30','2023-10-05 16:19:30',35,1,130,'0063a946-6ccc-4553-1369-647667f4bc00',NULL,5,'pieces',0,0,0,0,0,0,0,1,0,0,NULL,9,64),
(100,'2023-10-05 16:19:30','2023-10-05 16:19:30',36,1,180,'0063a946-6ccc-4553-1369-647667f4bc00',NULL,5,'pieces',0,0,0,0,0,0,0,1,0,0,'(Prepared with thin crush Pizza Base and Pizza Souce topping with Cheese with Capsicum. Onion, Brocali, Bell papers and hurbs)',9,65),
(101,'2023-10-05 16:19:30','2023-10-05 16:19:30',36,1,180,'0063a946-6ccc-4553-1369-647667f4bc00',NULL,5,'pieces',0,0,0,0,0,0,0,1,0,0,'(Prepared with thin crush Pizza Base and Pizza Souce topping with Cheese with Tandoori Paneer and Vaggies )',9,66),
(102,'2023-10-05 16:19:30','2023-10-05 16:19:30',36,1,150,'0063a946-6ccc-4553-1369-647667f4bc00',NULL,5,'pieces',0,0,0,0,0,0,0,1,0,0,'(Prepared with thin crush Pizza Base and Pizza Souce topping with loaded Veggies and Mozarella cheese )',9,67),
(103,'2023-10-05 16:19:30','2023-10-05 16:19:30',36,1,170,'0063a946-6ccc-4553-1369-647667f4bc00',NULL,5,'pieces',0,0,0,0,0,0,0,1,0,0,'(Cheese, veggies, paneer with two different taste in one Pizza )',9,68),
(104,'2023-10-05 16:19:30','2023-10-05 16:19:30',36,1,140,'0063a946-6ccc-4553-1369-647667f4bc00',NULL,5,'pieces',0,0,0,0,0,0,0,1,0,0,'(Cheese, veggies, paneer with two different taste in one Pizza )',9,69),
(105,'2023-10-05 16:19:31','2023-10-05 16:19:31',36,1,120,'0063a946-6ccc-4553-1369-647667f4bc00',NULL,5,'pieces',0,0,0,0,0,0,0,1,0,0,NULL,9,70),
(106,'2023-10-05 16:19:31','2023-10-05 16:19:31',36,1,250,'0063a946-6ccc-4553-1369-647667f4bc00',NULL,5,'pieces',0,0,0,0,0,0,0,1,0,0,'(Topping with Pasta)',9,71),
(107,'2023-10-05 16:19:31','2023-10-05 16:19:31',37,1,180,'0063a946-6ccc-4553-1369-647667f4bc00',NULL,5,'pieces',0,0,0,0,0,0,0,1,0,0,NULL,9,72),
(108,'2023-10-05 16:19:31','2023-10-05 16:19:31',37,1,180,'0063a946-6ccc-4553-1369-647667f4bc00',NULL,5,'pieces',0,0,0,0,0,0,0,1,0,0,NULL,9,73),
(109,'2023-10-05 16:19:31','2023-10-05 16:19:31',37,1,170,'0063a946-6ccc-4553-1369-647667f4bc00',NULL,5,'pieces',0,0,0,0,0,0,0,1,0,0,NULL,9,74),
(110,'2023-10-05 16:19:31','2023-10-05 16:19:31',37,1,190,'0063a946-6ccc-4553-1369-647667f4bc00',NULL,5,'pieces',0,0,0,0,0,0,0,1,0,0,NULL,9,75),
(111,'2023-10-05 16:19:31','2023-10-05 16:19:31',37,1,160,'0063a946-6ccc-4553-1369-647667f4bc00',NULL,5,'pieces',0,0,0,0,0,0,0,1,0,0,NULL,9,76),
(112,'2023-10-05 16:19:31','2023-10-05 16:19:31',37,1,150,'0063a946-6ccc-4553-1369-647667f4bc00',NULL,5,'pieces',0,0,0,0,0,0,0,1,0,0,NULL,9,77),
(113,'2023-10-05 16:19:31','2023-10-05 16:19:31',37,1,170,'0063a946-6ccc-4553-1369-647667f4bc00',NULL,5,'pieces',0,0,0,0,0,0,0,1,0,0,NULL,9,78),
(114,'2023-10-05 16:19:31','2023-10-05 16:19:31',38,1,220,'0063a946-6ccc-4553-1369-647667f4bc00',NULL,5,'pieces',0,0,0,0,0,0,0,1,0,0,NULL,9,79),
(115,'2023-10-05 16:19:31','2023-10-05 16:19:31',38,1,220,'0063a946-6ccc-4553-1369-647667f4bc00',NULL,5,'pieces',0,0,0,0,0,0,0,1,0,0,NULL,9,80),
(116,'2023-10-05 16:19:31','2023-10-05 16:19:31',38,1,190,'0063a946-6ccc-4553-1369-647667f4bc00',NULL,5,'pieces',0,0,0,0,0,0,0,1,0,0,NULL,9,81),
(117,'2023-10-05 16:19:31','2023-10-05 16:19:31',39,1,120,'0063a946-6ccc-4553-1369-647667f4bc00',NULL,5,'pieces',0,0,0,0,0,0,0,1,0,0,NULL,9,82),
(118,'2023-10-05 16:19:31','2023-10-05 16:19:31',39,1,120,'0063a946-6ccc-4553-1369-647667f4bc00',NULL,5,'pieces',0,0,0,0,0,0,0,1,0,0,NULL,9,83),
(119,'2023-10-05 16:19:31','2023-10-05 16:19:31',39,1,100,'0063a946-6ccc-4553-1369-647667f4bc00',NULL,5,'pieces',0,0,0,0,0,0,0,1,0,0,NULL,9,84),
(120,'2023-10-05 16:19:31','2023-10-05 16:19:31',39,1,100,'0063a946-6ccc-4553-1369-647667f4bc00',NULL,5,'pieces',0,0,0,0,0,0,0,1,0,0,NULL,9,85),
(121,'2023-10-05 16:19:31','2023-10-05 16:19:31',39,1,50,'0063a946-6ccc-4553-1369-647667f4bc00',NULL,5,'pieces',0,0,0,0,0,0,0,1,0,0,NULL,9,86),
(122,'2023-10-05 16:19:31','2023-10-05 16:19:31',40,1,150,'0063a946-6ccc-4553-1369-647667f4bc00',NULL,5,'pieces',0,0,0,0,0,0,0,1,0,0,NULL,9,87),
(123,'2023-10-05 16:19:31','2023-10-05 16:19:31',40,1,150,'0063a946-6ccc-4553-1369-647667f4bc00',NULL,5,'pieces',0,0,0,0,0,0,0,1,0,0,NULL,9,88),
(124,'2023-10-05 16:19:31','2023-10-05 16:19:31',40,1,130,'0063a946-6ccc-4553-1369-647667f4bc00',NULL,5,'pieces',0,0,0,0,0,0,0,1,0,0,NULL,9,89),
(125,'2023-10-05 16:19:31','2023-10-05 16:19:31',40,1,130,'0063a946-6ccc-4553-1369-647667f4bc00',NULL,5,'pieces',0,0,0,0,0,0,0,1,0,0,NULL,9,90),
(126,'2023-10-05 16:19:31','2023-10-05 16:19:31',40,1,130,'0063a946-6ccc-4553-1369-647667f4bc00',NULL,5,'pieces',0,0,0,0,0,0,0,1,0,0,NULL,9,91),
(127,'2023-10-05 16:19:31','2023-10-05 16:19:31',40,1,130,'0063a946-6ccc-4553-1369-647667f4bc00',NULL,5,'pieces',0,0,0,0,0,0,0,1,0,0,NULL,9,22),
(128,'2023-10-05 16:19:31','2023-10-05 16:19:31',40,1,120,'0063a946-6ccc-4553-1369-647667f4bc00',NULL,5,'pieces',0,0,0,0,0,0,0,1,0,0,NULL,9,92),
(129,'2023-10-05 16:19:31','2023-10-05 16:19:31',40,1,120,'0063a946-6ccc-4553-1369-647667f4bc00',NULL,5,'pieces',0,0,0,0,0,0,0,1,0,0,NULL,9,24),
(130,'2023-10-05 16:19:31','2023-10-05 16:19:31',40,1,130,'0063a946-6ccc-4553-1369-647667f4bc00',NULL,5,'pieces',0,0,0,0,0,0,0,1,0,0,NULL,9,93),
(131,'2023-10-05 16:19:31','2023-10-05 16:19:31',40,1,130,'0063a946-6ccc-4553-1369-647667f4bc00',NULL,5,'pieces',0,0,0,0,0,0,0,1,0,0,NULL,9,94),
(132,'2023-10-05 16:19:31','2023-10-05 16:19:31',41,1,50,'0063a946-6ccc-4553-1369-647667f4bc00',NULL,5,'pieces',0,0,0,0,0,0,0,1,0,0,NULL,9,95),
(133,'2023-10-05 16:19:31','2023-10-05 16:19:31',41,1,70,'0063a946-6ccc-4553-1369-647667f4bc00',NULL,5,'pieces',0,0,0,0,0,0,0,1,0,0,NULL,9,96),
(134,'2023-10-05 16:19:31','2023-10-05 16:19:31',41,1,100,'0063a946-6ccc-4553-1369-647667f4bc00',NULL,5,'pieces',0,0,0,0,0,0,0,1,0,0,NULL,9,97),
(135,'2023-10-05 16:19:31','2023-10-05 16:19:31',41,1,90,'0063a946-6ccc-4553-1369-647667f4bc00',NULL,5,'pieces',0,0,0,0,0,0,0,1,0,0,NULL,9,98),
(136,'2023-10-05 16:19:31','2023-10-05 16:19:31',41,1,130,'0063a946-6ccc-4553-1369-647667f4bc00',NULL,5,'pieces',0,0,0,0,0,0,0,1,0,0,'(with Choco Chips)',9,99),
(137,'2023-10-05 16:19:31','2023-10-05 16:19:31',41,1,30,'0063a946-6ccc-4553-1369-647667f4bc00',NULL,5,'pieces',0,0,0,0,0,0,0,1,0,0,NULL,9,100),
(138,'2023-10-05 16:19:31','2023-10-05 16:19:31',41,1,30,'0063a946-6ccc-4553-1369-647667f4bc00',NULL,5,'pieces',0,0,0,0,0,0,0,1,0,0,NULL,9,101),
(139,'2023-10-05 16:19:31','2023-10-05 16:19:31',41,1,30,'0063a946-6ccc-4553-1369-647667f4bc00',NULL,5,'pieces',0,0,0,0,0,0,0,1,0,0,NULL,9,102),
(140,'2023-10-05 16:19:31','2023-10-05 16:19:31',41,1,30,'0063a946-6ccc-4553-1369-647667f4bc00',NULL,5,'pieces',0,0,0,0,0,0,0,1,0,0,NULL,9,103),
(141,'2023-10-05 16:19:31','2023-10-05 16:19:31',42,1,150,'0063a946-6ccc-4553-1369-647667f4bc00',NULL,5,'pieces',0,0,0,0,0,0,0,1,0,0,'(Brownie with hot Chocolate and Icecream )',9,104),
(142,'2023-10-05 16:19:31','2023-10-05 16:19:31',43,1,100,'0063a946-6ccc-4553-1369-647667f4bc00',NULL,5,'pieces',0,0,0,0,0,0,0,1,0,0,NULL,9,105),
(143,'2023-10-05 16:19:31','2023-10-05 16:19:31',43,1,100,'0063a946-6ccc-4553-1369-647667f4bc00',NULL,5,'pieces',0,0,0,0,0,0,0,1,0,0,NULL,9,106),
(144,'2023-10-05 16:19:31','2023-10-05 16:19:31',44,1,120,'0063a946-6ccc-4553-1369-647667f4bc00',NULL,5,'pieces',0,0,0,0,0,0,0,1,0,0,NULL,9,107),
(145,'2023-10-05 16:19:31','2023-10-05 16:19:31',44,1,100,'0063a946-6ccc-4553-1369-647667f4bc00',NULL,5,'pieces',0,0,0,0,0,0,0,1,0,0,NULL,9,108),
(146,'2023-10-05 16:19:31','2023-10-05 16:19:31',44,1,90,'0063a946-6ccc-4553-1369-647667f4bc00',NULL,5,'pieces',0,0,0,0,0,0,0,1,0,0,NULL,9,109),
(147,'2023-10-05 16:19:31','2023-10-05 16:19:31',44,1,90,'0063a946-6ccc-4553-1369-647667f4bc00',NULL,5,'pieces',0,0,0,0,0,0,0,1,0,0,NULL,9,110),
(148,'2023-10-05 16:19:31','2023-10-05 16:19:31',44,1,70,'0063a946-6ccc-4553-1369-647667f4bc00',NULL,5,'pieces',0,0,0,0,0,0,0,1,0,0,NULL,9,111),
(149,'2023-10-05 16:19:31','2023-10-05 16:19:31',45,1,180,'0063a946-6ccc-4553-1369-647667f4bc00',NULL,5,'pieces',0,0,0,0,0,0,0,1,0,0,NULL,9,112),
(150,'2023-10-05 16:19:31','2023-10-05 16:19:31',45,1,170,'0063a946-6ccc-4553-1369-647667f4bc00',NULL,5,'pieces',0,0,0,0,0,0,0,1,0,0,NULL,9,113),
(151,'2023-10-05 16:19:31','2023-10-05 16:19:31',45,1,190,'0063a946-6ccc-4553-1369-647667f4bc00',NULL,5,'pieces',0,0,0,0,0,0,0,1,0,0,NULL,9,114),
(152,'2023-10-05 16:19:31','2023-10-05 16:19:31',45,1,150,'0063a946-6ccc-4553-1369-647667f4bc00',NULL,5,'pieces',0,0,0,0,0,0,0,1,0,0,NULL,9,115),
(153,'2023-10-05 16:19:31','2023-10-05 16:19:31',45,1,180,'0063a946-6ccc-4553-1369-647667f4bc00',NULL,5,'pieces',0,0,0,0,0,0,0,1,0,0,NULL,9,116),
(154,'2023-10-05 16:19:31','2023-10-05 16:19:31',46,1,160,'0063a946-6ccc-4553-1369-647667f4bc00',NULL,5,'pieces',0,0,0,0,0,0,0,1,0,0,NULL,9,117),
(155,'2023-10-05 16:19:31','2023-10-05 16:19:31',46,1,120,'0063a946-6ccc-4553-1369-647667f4bc00',NULL,5,'pieces',0,0,0,0,0,0,0,1,0,0,NULL,9,118),
(156,'2023-10-05 16:19:31','2023-10-05 16:19:31',46,1,130,'0063a946-6ccc-4553-1369-647667f4bc00',NULL,5,'pieces',0,0,0,0,0,0,0,1,0,0,NULL,9,119),
(157,'2023-10-05 16:19:31','2023-10-05 16:19:31',46,1,50,'0063a946-6ccc-4553-1369-647667f4bc00',NULL,5,'pieces',0,0,0,0,0,0,0,1,0,0,NULL,9,120),
(158,'2023-10-05 16:19:31','2023-10-05 16:19:31',46,1,60,'0063a946-6ccc-4553-1369-647667f4bc00',NULL,5,'pieces',0,0,0,0,0,0,0,1,0,0,NULL,9,121),
(159,'2023-10-05 16:19:31','2023-10-05 16:19:31',46,1,80,'0063a946-6ccc-4553-1369-647667f4bc00',NULL,5,'pieces',0,0,0,0,0,0,0,1,0,0,NULL,9,122),
(160,'2023-10-05 16:19:31','2023-10-05 16:19:31',46,1,100,'0063a946-6ccc-4553-1369-647667f4bc00',NULL,5,'pieces',0,0,0,0,0,0,0,1,0,0,NULL,9,123),
(161,'2023-10-05 16:19:31','2023-10-05 16:19:31',46,1,140,'0063a946-6ccc-4553-1369-647667f4bc00',NULL,5,'pieces',0,0,0,0,0,0,0,1,0,0,NULL,9,124),
(162,'2023-10-05 16:19:31','2023-10-05 16:19:31',46,1,120,'0063a946-6ccc-4553-1369-647667f4bc00',NULL,5,'pieces',0,0,0,0,0,0,0,1,0,0,'(Pasta served with Butter, Veggies, Red %uce, herbs, penne pasta)',9,125),
(163,'2023-10-05 16:19:31','2023-10-05 16:19:31',46,1,120,'0063a946-6ccc-4553-1369-647667f4bc00',NULL,5,'pieces',0,0,0,0,0,0,0,1,0,0,'(Pasta served with Butter, Veggies, White Sauce, herbs, penne pasta)',9,126),
(164,'2023-10-05 16:19:31','2023-10-05 16:19:31',46,1,120,'0063a946-6ccc-4553-1369-647667f4bc00',NULL,5,'pieces',0,0,0,0,0,0,0,1,0,0,'(Pasta served with Butter, Veggies, Red & White Saucer',9,127),
(165,'2023-10-06 19:49:10','2023-10-06 19:49:10',15,1,22,NULL,NULL,5,NULL,0,0,0,0,0,0,0,1,0,0,'sdf',6,73);

CREATE TABLE `cafe_menu_variant` (
  `id` int(10) unsigned NOT NULL AUTO_INCREMENT,
  `cafe_menu_item_id` int(10) unsigned DEFAULT NULL,
  `name` varchar(32) DEFAULT NULL,
  `price` int(11) DEFAULT NULL,
  `is_default` tinyint(1) DEFAULT 0,
  `status` tinyint(4) DEFAULT 1,
  `image_id` varchar(64) DEFAULT NULL,
  `created_at` timestamp NOT NULL DEFAULT current_timestamp() ON UPDATE current_timestamp(),
  `updated_at` timestamp NOT NULL DEFAULT current_timestamp(),
  PRIMARY KEY (`id`),
  KEY `fk_cafe_menu_variant_menu_item_id` (`cafe_menu_item_id`),
  CONSTRAINT `fk_cafe_menu_variant_menu_item_id` FOREIGN KEY (`cafe_menu_item_id`) REFERENCES `cafe_menu_item` (`id`) ON DELETE NO ACTION ON UPDATE NO ACTION
) ENGINE=InnoDB AUTO_INCREMENT=59 DEFAULT CHARSET=utf8mb3;


INSERT INTO `cafe_menu_variant` VALUES
(2,3,'special tikka',150,0,1,'gygygygyg','2023-05-26 13:19:33','0000-00-00 00:00:00'),
(3,4,'paratha one',120,0,1,'jkjkjkj','2023-05-27 13:25:58','0000-00-00 00:00:00'),
(4,5,'paratha two',110,0,1,'jkjkjkj','2023-05-27 13:35:45','0000-00-00 00:00:00'),
(5,5,'paratha three',130,0,1,'jkjkjkj','2023-05-27 13:35:45','0000-00-00 00:00:00'),
(7,8,'one',40,0,1,NULL,'2023-05-29 14:20:01','2023-05-29 14:20:01'),
(8,8,'two',50,0,1,NULL,'2023-05-29 14:20:01','2023-05-29 14:20:01'),
(9,9,'var1',10,0,1,NULL,'2023-05-30 08:11:15','2023-05-30 08:11:15'),
(10,10,'big size',150,0,1,NULL,'2023-06-03 09:40:52','2023-06-03 09:40:52'),
(12,37,'eeee',34,0,1,NULL,'2023-06-14 09:22:48','2023-06-14 09:22:48'),
(17,2,'kkkkk',50,0,1,NULL,'2023-06-14 12:58:02','2023-06-14 12:58:02'),
(18,41,'jal',25,0,1,NULL,'2023-06-23 08:56:31','2023-06-23 08:56:31'),
(19,41,'Misti',18,0,1,NULL,'2023-06-23 08:56:31','2023-06-23 08:56:31'),
(20,42,'kebab',48,0,1,NULL,'2023-06-23 11:28:02','2023-06-23 11:28:02'),
(21,43,'Chicken Dum biryani',30,0,1,NULL,'2023-06-24 06:21:34','2023-06-24 06:21:34'),
(22,45,'Ragular',1,0,1,NULL,'2023-07-05 10:24:38','2023-07-05 10:24:38'),
(23,45,'Medium ',2,0,1,NULL,'2023-07-05 10:24:38','2023-07-05 10:24:38'),
(24,45,'large',1,0,1,NULL,'2023-07-05 10:24:38','2023-07-05 10:24:38'),
(28,67,'small',190,0,1,NULL,'2023-07-12 20:33:39','2023-07-12 20:33:39'),
(29,67,'medium',220,0,1,NULL,'2023-07-12 20:33:39','2023-07-12 20:33:39'),
(30,67,'Large',240,0,1,NULL,'2023-07-12 20:33:39','2023-07-12 20:33:39'),
(31,7,'extra garlic',47,0,1,NULL,'2023-07-13 05:34:30','2023-07-13 05:34:30'),
(32,36,'Teeeee',50,0,1,NULL,'2023-07-13 05:34:59','2023-07-13 05:34:59'),
(40,40,'big size',500,0,1,NULL,'2023-08-11 07:18:17','2023-08-11 07:18:17'),
(41,40,'small size',100,0,1,NULL,'2023-08-11 07:18:17','2023-08-11 07:18:17'),
(52,71,'small ',100,0,1,NULL,'2023-08-11 08:24:49','2023-08-11 08:24:49'),
(53,71,'large',250,0,1,NULL,'2023-08-11 08:24:49','2023-08-11 08:24:49'),
(54,71,'spicy',150,0,1,NULL,'2023-08-11 08:24:49','2023-08-11 08:24:49'),
(55,74,'extra chees',5,0,1,NULL,'2023-09-29 13:03:05','2023-09-29 13:03:05'),
(56,28,'small',30,0,1,'hihihihi','2023-10-30 12:34:09','2023-10-30 12:34:09'),
(57,28,'family size',50,0,1,'hihihihi','2023-10-30 12:34:09','2023-10-30 12:34:09'),
(58,28,'extra large',60,0,1,'hihihihi','2023-10-30 12:34:09','2023-10-30 12:34:09');

CREATE TABLE `universal_menu_addon` (
  `id` int(10) unsigned NOT NULL AUTO_INCREMENT,
  `addon_name` varchar(100) NOT NULL,
  `image_id` varchar(64) DEFAULT NULL,
  `created_at` timestamp NOT NULL DEFAULT current_timestamp(),
  `updated_at` timestamp NOT NULL DEFAULT current_timestamp(),
  `status` tinyint(4) DEFAULT 0,
  PRIMARY KEY (`id`)
) ENGINE=InnoDB AUTO_INCREMENT=6 DEFAULT CHARSET=utf8mb3;

INSERT INTO `universal_menu_addon` VALUES
(4,'extra garlic',NULL,'2023-05-26 13:16:37','2023-05-26 13:16:37',1),
(5,'hari chatni',NULL,'2023-05-27 13:25:57','2023-05-27 13:25:57',1);


CREATE TABLE `universal_menu_category` (
  `id` int(10) unsigned NOT NULL AUTO_INCREMENT,
  `category_name` varchar(100) NOT NULL,
  `image_id` varchar(64) DEFAULT NULL,
  `created_at` timestamp NOT NULL DEFAULT current_timestamp(),
  `updated_at` timestamp NOT NULL DEFAULT current_timestamp(),
  `status` tinyint(4) DEFAULT 0,
  PRIMARY KEY (`id`)
) ENGINE=InnoDB AUTO_INCREMENT=47 DEFAULT CHARSET=utf8mb3;

INSERT INTO `universal_menu_category` VALUES
(1,'lunch','opopopop','2023-05-26 11:11:25','2023-05-26 11:11:25',1),
(6,'tikka special',NULL,'2023-05-26 13:16:36','2023-05-26 13:16:36',1),
(7,'tikka special order',NULL,'2023-05-26 13:19:31','2023-05-26 13:19:31',1),
(8,'Test-1','','2023-05-26 15:18:35','2023-05-26 15:18:35',1),
(9,'test-2',NULL,'2023-05-26 15:19:08','2023-05-26 15:19:08',0),
(10,'test-3','','2023-05-26 15:47:13','2023-05-26 15:47:13',1),
(11,'paratha',NULL,'2023-05-27 13:25:56','2023-05-27 13:25:56',1),
(12,'test-9','','2023-05-28 11:46:08','2023-05-28 11:46:08',1),
(13,'test15','','2023-05-30 08:07:10','2023-05-30 08:07:10',0),
(14,'sahdfjds',NULL,'2023-05-30 08:11:15','2023-05-30 08:11:15',1),
(15,'biriyani',NULL,'2023-06-08 10:34:21','2023-06-08 10:34:21',1),
(16,'puri',NULL,'2023-06-08 11:56:12','2023-06-08 11:56:12',1),
(17,'paner',NULL,'2023-06-08 12:34:21','2023-06-08 12:34:21',1),
(18,'Test12','','2023-06-13 09:08:54','2023-06-13 09:08:54',1),
(19,'Dokla','','2023-06-23 08:51:56','2023-06-23 08:51:56',1),
(20,'Fafda',NULL,'2023-06-23 08:52:37','2023-06-23 08:52:37',1),
(21,'Tadka ','','2023-06-24 06:19:43','2023-06-24 06:19:43',1),
(22,'CF-Pasta',NULL,'2023-07-05 10:21:10','2023-07-05 10:21:10',1),
(23,'CF-Pizza','d79589aa-8d90-473d-aca7-e951c05dda00','2023-07-05 10:24:38','2023-07-05 10:24:38',1),
(24,'Kolkata-spec',NULL,'2023-07-10 07:07:29','2023-07-10 07:07:29',1),
(25,'sweets',NULL,'2023-07-10 07:07:31','2023-07-10 07:07:31',1),
(26,'yo bhi','253dd0f4-1a98-439f-cfa3-e5040913f600','2023-07-11 07:49:30','2023-07-11 07:49:30',1),
(27,' SHAKES AND SMOOTHIES','b1e69642-95bc-4b8c-97d6-a78e07e71500','2023-07-11 08:58:09','2023-07-11 08:58:09',1),
(28,'testpp','75cb3121-1e4d-4070-e5f5-cff245edce00','2023-07-13 06:25:41','2023-07-13 06:25:41',0),
(29,'Ice-Cream',NULL,'2023-10-05 12:44:11','2023-10-05 12:44:11',1),
(30,'Sandwich',NULL,'2023-10-05 16:19:30','2023-10-05 16:19:30',1),
(31,'French Fries',NULL,'2023-10-05 16:19:30','2023-10-05 16:19:30',1),
(32,'CHINESE',NULL,'2023-10-05 16:19:30','2023-10-05 16:19:30',1),
(33,'STREET FOOD',NULL,'2023-10-05 16:19:30','2023-10-05 16:19:30',1),
(34,'Burger',NULL,'2023-10-05 16:19:30','2023-10-05 16:19:30',1),
(35,'Kulhad Pizza',NULL,'2023-10-05 16:19:30','2023-10-05 16:19:30',1),
(36,'Pizza',NULL,'2023-10-05 16:19:30','2023-10-05 16:19:30',1),
(37,'Pizza Dosa',NULL,'2023-10-05 16:19:31','2023-10-05 16:19:31',1),
(38,'QUESADILLA',NULL,'2023-10-05 16:19:31','2023-10-05 16:19:31',1),
(39,'Mojitos',NULL,'2023-10-05 16:19:31','2023-10-05 16:19:31',1),
(40,'Shakes',NULL,'2023-10-05 16:19:31','2023-10-05 16:19:31',1),
(41,'Tea & Coffee',NULL,'2023-10-05 16:19:31','2023-10-05 16:19:31',1),
(42,'Dessert',NULL,'2023-10-05 16:19:31','2023-10-05 16:19:31',1),
(43,'Breads',NULL,'2023-10-05 16:19:31','2023-10-05 16:19:31',1),
(44,'Maggie',NULL,'2023-10-05 16:19:31','2023-10-05 16:19:31',1),
(45,'MATAKI DOSA',NULL,'2023-10-05 16:19:31','2023-10-05 16:19:31',1),
(46,'OTHER DOSA..',NULL,'2023-10-05 16:19:31','2023-10-05 16:19:31',1);

CREATE TABLE `universal_menu_item` (
  `id` int(10) unsigned NOT NULL AUTO_INCREMENT,
  `item_name` varchar(100) NOT NULL,
  `image_id` varchar(64) DEFAULT NULL,
  `created_at` timestamp NOT NULL DEFAULT current_timestamp(),
  `updated_at` timestamp NOT NULL DEFAULT current_timestamp(),
  `status` tinyint(4) DEFAULT 0,
  PRIMARY KEY (`id`)
) ENGINE=InnoDB AUTO_INCREMENT=128 DEFAULT CHARSET=utf8mb3;

INSERT INTO `universal_menu_item` VALUES
(1,'klklkll','vaat','2023-05-26 12:04:16','2023-05-26 12:04:16',1),
(6,'paneer tikka','gygygygyg','2023-05-26 13:16:36','2023-05-26 13:16:36',1),
(7,'paneer tikka masala','gygygygyg','2023-05-26 13:19:31','2023-05-26 13:19:31',1),
(8,'test-1','','2023-05-27 02:23:34','2023-05-27 02:23:34',0),
(9,'maida ka paratha','jkjkjkj','2023-05-27 13:25:57','2023-05-27 13:25:57',1),
(10,'test16','','2023-05-30 08:07:44','2023-05-30 08:07:44',0),
(11,'chicken biriyani','klklklklk','2023-06-08 10:34:21','2023-06-08 10:34:21',1),
(12,'mutton biriyani','hellow','2023-06-08 10:39:59','2023-06-08 10:39:59',1),
(13,'Panner-puri','hihihihi','2023-06-08 11:56:12','2023-06-08 11:56:12',1),
(14,'Puri-paneer','okokokok','2023-06-08 12:34:21','2023-06-08 12:34:21',1),
(15,'TestMenu13','','2023-06-13 09:14:58','2023-06-13 09:14:58',1),
(16,'Jalebi','','2023-06-23 08:53:07','2023-06-23 08:53:07',1),
(17,'CF-Spaghetti Bolognaise',NULL,'2023-07-05 10:21:10','2023-07-05 10:21:10',1),
(18,'CF-Smokin\' Joe\'s',NULL,'2023-07-05 10:24:38','2023-07-05 10:24:38',1),
(19,'biriyani','sumansuman','2023-07-10 07:07:29','2023-07-10 07:07:29',1),
(20,'rosogolla','malmal','2023-07-10 07:07:31','2023-07-10 07:07:31',1),
(21,'kuch bhi',NULL,'2023-07-11 07:49:30','2023-07-11 07:49:30',1),
(22,'Chocolate Shake','aa','2023-07-11 08:58:09','2023-07-11 08:58:09',1),
(23,'Vanilla Shake','aa','2023-07-11 08:58:09','2023-07-11 08:58:09',1),
(24,'Strawberry Shake','aa','2023-07-11 08:58:09','2023-07-11 08:58:09',1),
(25,'Oreo Shaki','1258e032-e037-4815-935c-be1efa871a00','2023-07-11 08:58:09','2023-07-11 08:58:09',1),
(26,'Dairy Milk Shake','aa','2023-07-11 08:58:09','2023-07-11 08:58:09',1),
(27,'Nutella Shak','aa','2023-07-11 08:58:09','2023-07-11 08:58:09',1),
(28,'Kit-Kat Shake ','aa','2023-07-11 08:58:09','2023-07-11 08:58:09',1),
(29,'Oreo Nutella Shake','aa','2023-07-11 08:58:09','2023-07-11 08:58:09',1),
(30,'Minty Mango Shake','aa','2023-07-11 08:58:09','2023-07-11 08:58:09',1),
(31,'Brownie Fudge Freak Shake','aa','2023-07-11 08:58:09','2023-07-11 08:58:09',1),
(32,'Ol\'days Special Shake','aa','2023-07-11 08:58:09','2023-07-11 08:58:09',1),
(33,'Mango Smoothie','aa','2023-07-11 08:58:09','2023-07-11 08:58:09',1),
(34,'Blueberry Smoothie','aa','2023-07-11 08:58:09','2023-07-11 08:58:09',1),
(35,'Orange Smoothie','aa','2023-07-11 08:58:09','2023-07-11 08:58:09',1),
(36,'Belgium Double Chocolate Smoothie','aa','2023-07-11 08:58:09','2023-07-11 08:58:09',1),
(37,'Shiv Prasad','30b2df68-55ff-4c35-df8b-5a3bb28e1e00','2023-07-13 04:46:27','2023-07-13 04:46:27',1),
(38,'test item','f8e2d948-5dfe-46fa-f3ac-a6fd9d5df200','2023-07-13 06:26:53','2023-07-13 06:26:53',1),
(39,'chees pizza',NULL,'2023-09-29 13:03:05','2023-09-29 13:03:05',1),
(40,'VANILLA','op','2023-10-05 12:44:11','2023-10-05 12:44:11',1),
(41,'Veg. Jumbo Sandwich','0063a946-6ccc-4553-1369-647667f4bc00','2023-10-05 16:19:30','2023-10-05 16:19:30',1),
(42,'Pizza topping Sandwich','0063a946-6ccc-4553-1369-647667f4bc00','2023-10-05 16:19:30','2023-10-05 16:19:30',1),
(43,'Cheese Brust Sandwich','0063a946-6ccc-4553-1369-647667f4bc00','2023-10-05 16:19:30','2023-10-05 16:19:30',1),
(44,'Paneer Tikka Sandwich','0063a946-6ccc-4553-1369-647667f4bc00','2023-10-05 16:19:30','2023-10-05 16:19:30',1),
(45,'Chocolate Sandwich','0063a946-6ccc-4553-1369-647667f4bc00','2023-10-05 16:19:30','2023-10-05 16:19:30',1),
(46,'Pesto Souce Sandwich','0063a946-6ccc-4553-1369-647667f4bc00','2023-10-05 16:19:30','2023-10-05 16:19:30',1),
(47,'Bhilwara Express Sandwich','0063a946-6ccc-4553-1369-647667f4bc00','2023-10-05 16:19:30','2023-10-05 16:19:30',1),
(48,'Raw Vegetable Sandwich','0063a946-6ccc-4553-1369-647667f4bc00','2023-10-05 16:19:30','2023-10-05 16:19:30',1),
(49,'Peri Peri Fries','0063a946-6ccc-4553-1369-647667f4bc00','2023-10-05 16:19:30','2023-10-05 16:19:30',1),
(50,'Fries with Cheese','0063a946-6ccc-4553-1369-647667f4bc00','2023-10-05 16:19:30','2023-10-05 16:19:30',1),
(51,'Fries with Red Souce','0063a946-6ccc-4553-1369-647667f4bc00','2023-10-05 16:19:30','2023-10-05 16:19:30',1),
(52,'Salted Fries','0063a946-6ccc-4553-1369-647667f4bc00','2023-10-05 16:19:30','2023-10-05 16:19:30',1),
(53,'Chinese Bhel','0063a946-6ccc-4553-1369-647667f4bc00','2023-10-05 16:19:30','2023-10-05 16:19:30',1),
(54,'Paneer Chilly','0063a946-6ccc-4553-1369-647667f4bc00','2023-10-05 16:19:30','2023-10-05 16:19:30',1),
(55,'Honey Chilli Potato','0063a946-6ccc-4553-1369-647667f4bc00','2023-10-05 16:19:30','2023-10-05 16:19:30',1),
(56,'Pav Bhaii','0063a946-6ccc-4553-1369-647667f4bc00','2023-10-05 16:19:30','2023-10-05 16:19:30',1),
(57,'Masala Pav','0063a946-6ccc-4553-1369-647667f4bc00','2023-10-05 16:19:30','2023-10-05 16:19:30',1),
(58,'Tandoori Paneer Burger','0063a946-6ccc-4553-1369-647667f4bc00','2023-10-05 16:19:30','2023-10-05 16:19:30',1),
(59,'Doublr Cheese Burger','0063a946-6ccc-4553-1369-647667f4bc00','2023-10-05 16:19:30','2023-10-05 16:19:30',1),
(60,'Chef Special Burger','0063a946-6ccc-4553-1369-647667f4bc00','2023-10-05 16:19:30','2023-10-05 16:19:30',1),
(61,'Veg Burger','0063a946-6ccc-4553-1369-647667f4bc00','2023-10-05 16:19:30','2023-10-05 16:19:30',1),
(62,'Kulhad Pizza','0063a946-6ccc-4553-1369-647667f4bc00','2023-10-05 16:19:30','2023-10-05 16:19:30',1),
(63,'Alferdo Pizza','0063a946-6ccc-4553-1369-647667f4bc00','2023-10-05 16:19:30','2023-10-05 16:19:30',1),
(64,'Maxican Pizza','0063a946-6ccc-4553-1369-647667f4bc00','2023-10-05 16:19:30','2023-10-05 16:19:30',1),
(65,'Farm House Pizza','0063a946-6ccc-4553-1369-647667f4bc00','2023-10-05 16:19:30','2023-10-05 16:19:30',1),
(66,'Tandoori Paneer Pizza','0063a946-6ccc-4553-1369-647667f4bc00','2023-10-05 16:19:30','2023-10-05 16:19:30',1),
(67,'Classic Veg Pizza','0063a946-6ccc-4553-1369-647667f4bc00','2023-10-05 16:19:30','2023-10-05 16:19:30',1),
(68,'Mr. and Mrs. Pizza','0063a946-6ccc-4553-1369-647667f4bc00','2023-10-05 16:19:30','2023-10-05 16:19:30',1),
(69,'Cheese Garlic parsley Pizza','0063a946-6ccc-4553-1369-647667f4bc00','2023-10-05 16:19:30','2023-10-05 16:19:30',1),
(70,'Margherita Pizza','0063a946-6ccc-4553-1369-647667f4bc00','2023-10-05 16:19:31','2023-10-05 16:19:31',1),
(71,'Pasta Pizza','0063a946-6ccc-4553-1369-647667f4bc00','2023-10-05 16:19:31','2023-10-05 16:19:31',1),
(72,'Love Kush Rush Dosa','0063a946-6ccc-4553-1369-647667f4bc00','2023-10-05 16:19:31','2023-10-05 16:19:31',1),
(73,'Bhilwara Express Dosa','0063a946-6ccc-4553-1369-647667f4bc00','2023-10-05 16:19:31','2023-10-05 16:19:31',1),
(74,'Alferdo Dosa','0063a946-6ccc-4553-1369-647667f4bc00','2023-10-05 16:19:31','2023-10-05 16:19:31',1),
(75,'Farm House Dosa','0063a946-6ccc-4553-1369-647667f4bc00','2023-10-05 16:19:31','2023-10-05 16:19:31',1),
(76,'Maggi Dosa','0063a946-6ccc-4553-1369-647667f4bc00','2023-10-05 16:19:31','2023-10-05 16:19:31',1),
(77,'Chily Corn Dosa','0063a946-6ccc-4553-1369-647667f4bc00','2023-10-05 16:19:31','2023-10-05 16:19:31',1),
(78,'Peri-Peri Dos','0063a946-6ccc-4553-1369-647667f4bc00','2023-10-05 16:19:31','2023-10-05 16:19:31',1),
(79,'Maxican Quesadilla','0063a946-6ccc-4553-1369-647667f4bc00','2023-10-05 16:19:31','2023-10-05 16:19:31',1),
(80,'Alferdo Quesadilla','0063a946-6ccc-4553-1369-647667f4bc00','2023-10-05 16:19:31','2023-10-05 16:19:31',1),
(81,'Quesadilla','0063a946-6ccc-4553-1369-647667f4bc00','2023-10-05 16:19:31','2023-10-05 16:19:31',1),
(82,'Black Berry Moiito','0063a946-6ccc-4553-1369-647667f4bc00','2023-10-05 16:19:31','2023-10-05 16:19:31',1),
(83,'Peach Lemonade','0063a946-6ccc-4553-1369-647667f4bc00','2023-10-05 16:19:31','2023-10-05 16:19:31',1),
(84,'Ocean Blue','0063a946-6ccc-4553-1369-647667f4bc00','2023-10-05 16:19:31','2023-10-05 16:19:31',1),
(85,'Mint Mojito','0063a946-6ccc-4553-1369-647667f4bc00','2023-10-05 16:19:31','2023-10-05 16:19:31',1),
(86,'Fresh Lime Soda','0063a946-6ccc-4553-1369-647667f4bc00','2023-10-05 16:19:31','2023-10-05 16:19:31',1),
(87,'Brownie Shake','0063a946-6ccc-4553-1369-647667f4bc00','2023-10-05 16:19:31','2023-10-05 16:19:31',1),
(88,'Nuts Shake','0063a946-6ccc-4553-1369-647667f4bc00','2023-10-05 16:19:31','2023-10-05 16:19:31',1),
(89,'Rose Falooda','0063a946-6ccc-4553-1369-647667f4bc00','2023-10-05 16:19:31','2023-10-05 16:19:31',1),
(90,'Hazelnut Caramel','0063a946-6ccc-4553-1369-647667f4bc00','2023-10-05 16:19:31','2023-10-05 16:19:31',1),
(91,'Kitkat Shake','0063a946-6ccc-4553-1369-647667f4bc00','2023-10-05 16:19:31','2023-10-05 16:19:31',1),
(92,'Black Current Shake','0063a946-6ccc-4553-1369-647667f4bc00','2023-10-05 16:19:31','2023-10-05 16:19:31',1),
(93,'Oreo Shake','0063a946-6ccc-4553-1369-647667f4bc00','2023-10-05 16:19:31','2023-10-05 16:19:31',1),
(94,'Paan Shake','0063a946-6ccc-4553-1369-647667f4bc00','2023-10-05 16:19:31','2023-10-05 16:19:31',1),
(95,'Hot Coffee','0063a946-6ccc-4553-1369-647667f4bc00','2023-10-05 16:19:31','2023-10-05 16:19:31',1),
(96,'Cold Coffee Small','0063a946-6ccc-4553-1369-647667f4bc00','2023-10-05 16:19:31','2023-10-05 16:19:31',1),
(97,'Cold Coffee Big','0063a946-6ccc-4553-1369-647667f4bc00','2023-10-05 16:19:31','2023-10-05 16:19:31',1),
(98,'Hazalnut Cold Coffee','0063a946-6ccc-4553-1369-647667f4bc00','2023-10-05 16:19:31','2023-10-05 16:19:31',1),
(99,'Cold Coffee','0063a946-6ccc-4553-1369-647667f4bc00','2023-10-05 16:19:31','2023-10-05 16:19:31',1),
(100,'Classic Tea','0063a946-6ccc-4553-1369-647667f4bc00','2023-10-05 16:19:31','2023-10-05 16:19:31',1),
(101,'Masala Tea','0063a946-6ccc-4553-1369-647667f4bc00','2023-10-05 16:19:31','2023-10-05 16:19:31',1),
(102,'Kulhad Tea','0063a946-6ccc-4553-1369-647667f4bc00','2023-10-05 16:19:31','2023-10-05 16:19:31',1),
(103,'Ginger lemon Honey Tea.','0063a946-6ccc-4553-1369-647667f4bc00','2023-10-05 16:19:31','2023-10-05 16:19:31',1),
(104,'Hot Chocolate Brownie','0063a946-6ccc-4553-1369-647667f4bc00','2023-10-05 16:19:31','2023-10-05 16:19:31',1),
(105,'Garlic Bread','0063a946-6ccc-4553-1369-647667f4bc00','2023-10-05 16:19:31','2023-10-05 16:19:31',1),
(106,'Margherita Pizza Toast','0063a946-6ccc-4553-1369-647667f4bc00','2023-10-05 16:19:31','2023-10-05 16:19:31',1),
(107,'Tandoori Maggie','0063a946-6ccc-4553-1369-647667f4bc00','2023-10-05 16:19:31','2023-10-05 16:19:31',1),
(108,'Tadka Maggie','0063a946-6ccc-4553-1369-647667f4bc00','2023-10-05 16:19:31','2023-10-05 16:19:31',1),
(109,'Schezwan Maggie','0063a946-6ccc-4553-1369-647667f4bc00','2023-10-05 16:19:31','2023-10-05 16:19:31',1),
(110,'Cheese Maggie','0063a946-6ccc-4553-1369-647667f4bc00','2023-10-05 16:19:31','2023-10-05 16:19:31',1),
(111,'Maggie','0063a946-6ccc-4553-1369-647667f4bc00','2023-10-05 16:19:31','2023-10-05 16:19:31',1),
(112,'Pasta Dosa','0063a946-6ccc-4553-1369-647667f4bc00','2023-10-05 16:19:31','2023-10-05 16:19:31',1),
(113,'Pesto Sauce Dosa','0063a946-6ccc-4553-1369-647667f4bc00','2023-10-05 16:19:31','2023-10-05 16:19:31',1),
(114,'Paneer Chily Dosa','0063a946-6ccc-4553-1369-647667f4bc00','2023-10-05 16:19:31','2023-10-05 16:19:31',1),
(115,'Pav Bhaji Dosa','0063a946-6ccc-4553-1369-647667f4bc00','2023-10-05 16:19:31','2023-10-05 16:19:31',1),
(116,'Love Rush Matki Dosa','0063a946-6ccc-4553-1369-647667f4bc00','2023-10-05 16:19:31','2023-10-05 16:19:31',1),
(117,'Ginnee Dosa','0063a946-6ccc-4553-1369-647667f4bc00','2023-10-05 16:19:31','2023-10-05 16:19:31',1),
(118,'Cheese Corn Dosa','0063a946-6ccc-4553-1369-647667f4bc00','2023-10-05 16:19:31','2023-10-05 16:19:31',1),
(119,'Cheese Onion Paneer Dosa','0063a946-6ccc-4553-1369-647667f4bc00','2023-10-05 16:19:31','2023-10-05 16:19:31',1),
(120,'Sada Dosa','0063a946-6ccc-4553-1369-647667f4bc00','2023-10-05 16:19:31','2023-10-05 16:19:31',1),
(121,'Spicy Schzwan Sada Dosa','0063a946-6ccc-4553-1369-647667f4bc00','2023-10-05 16:19:31','2023-10-05 16:19:31',1),
(122,'Masala Dosa','0063a946-6ccc-4553-1369-647667f4bc00','2023-10-05 16:19:31','2023-10-05 16:19:31',1),
(123,'Paneer Masala Dosa','0063a946-6ccc-4553-1369-647667f4bc00','2023-10-05 16:19:31','2023-10-05 16:19:31',1),
(124,'Noodles Dosa','0063a946-6ccc-4553-1369-647667f4bc00','2023-10-05 16:19:31','2023-10-05 16:19:31',1),
(125,'Red SOUCe Pasta','0063a946-6ccc-4553-1369-647667f4bc00','2023-10-05 16:19:31','2023-10-05 16:19:31',1),
(126,'White SOUCe Pasta','0063a946-6ccc-4553-1369-647667f4bc00','2023-10-05 16:19:31','2023-10-05 16:19:31',1),
(127,'Pink SOUCe Pasta','0063a946-6ccc-4553-1369-647667f4bc00','2023-10-05 16:19:31','2023-10-05 16:19:31',1);


